{
    "location_data": [
        {
            "name": "Phoenix",
            "local_names": {
                "sr": "\u0424\u0438\u043d\u0438\u043a\u0441",
                "pl": "Phoenix",
                "el": "\u03a6\u03bf\u03af\u03bd\u03b9\u03be",
                "oc": "Phoenix",
                "lt": "Finiksas",
                "bn": "\u09ab\u09bf\u09a8\u09bf\u0995\u09cd\u09b8",
                "lv": "F\u012bniksa",
                "it": "Phoenix",
                "ar": "\u0641\u064a\u0646\u064a\u0643\u0633",
                "en": "Phoenix",
                "eo": "Fenikso",
                "ko": "\ud53c\ub2c9\uc2a4",
                "nv": "Hoozdo",
                "he": "\u05e4\u05d9\u05e0\u05d9\u05e7\u05e1",
                "pt": "Phoenix",
                "da": "Phoenix",
                "ta": "\u0baa\u0bc0\u0ba9\u0bbf\u0b95\u0bcd\u0bb8\u0bcd",
                "kn": "\u0cab\u0cc0\u0ca8\u0cbf\u0c95\u0ccd\u0cb8\u0ccd",
                "fr": "Phoenix",
                "ru": "\u0424\u0438\u043d\u0438\u043a\u0441",
                "es": "Phoenix",
                "ja": "\u30d5\u30a7\u30cb\u30c3\u30af\u30b9",
                "uk": "\u0424\u0456\u043d\u0456\u043a\u0441",
                "de": "Phoenix",
                "hi": "\u092b\u093c\u093f\u0928\u0915\u094d\u0938",
                "hr": "Phoenix",
                "zh": "\u83f2\u5c3c\u514b\u65af / \u9cf3\u51f0\u57ce"
            },
            "lat": 33.4484367,
            "lon": -112.074141,
            "country": "US",
            "state": "Arizona"
        }
    ],
    "weather_data": {
        "lat": 33.4484,
        "lon": -112.0741,
        "timezone": "America/Phoenix",
        "timezone_offset": -25200,
        "current": {
            "dt": 1731874520,
            "sunrise": 1731852137,
            "sunset": 1731889487,
            "temp": 66.79,
            "feels_like": 64.4,
            "pressure": 1009,
            "humidity": 26,
            "dew_point": 30.99,
            "uvi": 3.08,
            "clouds": 10,
            "visibility": 10000,
            "wind_speed": 7,
            "wind_deg": 273,
            "wind_gust": 11.99,
            "weather": [
                {
                    "id": 800,
                    "main": "Clear",
                    "description": "clear sky",
                    "icon": "01d"
                }
            ]
        },
        "minutely": [
            {
                "dt": 1731874560,
                "precipitation": 0
            },
            {
                "dt": 1731874620,
                "precipitation": 0
            },
            {
                "dt": 1731874680,
                "precipitation": 0
            },
            {
                "dt": 1731874740,
                "precipitation": 0
            },
            {
                "dt": 1731874800,
                "precipitation": 0
            },
            {
                "dt": 1731874860,
                "precipitation": 0
            },
            {
                "dt": 1731874920,
                "precipitation": 0
            },
            {
                "dt": 1731874980,
                "precipitation": 0
            },
            {
                "dt": 1731875040,
                "precipitation": 0
            },
            {
                "dt": 1731875100,
                "precipitation": 0
            },
            {
                "dt": 1731875160,
                "precipitation": 0
            },
            {
                "dt": 1731875220,
                "precipitation": 0
            },
            {
                "dt": 1731875280,
                "precipitation": 0
            },
            {
                "dt": 1731875340,
                "precipitation": 0
            },
            {
                "dt": 1731875400,
                "precipitation": 0
            },
            {
                "dt": 1731875460,
                "precipitation": 0
            },
            {
                "dt": 1731875520,
                "precipitation": 0
            },
            {
                "dt": 1731875580,
                "precipitation": 0
            },
            {
                "dt": 1731875640,
                "precipitation": 0
            },
            {
                "dt": 1731875700,
                "precipitation": 0
            },
            {
                "dt": 1731875760,
                "precipitation": 0
            },
            {
                "dt": 1731875820,
                "precipitation": 0
            },
            {
                "dt": 1731875880,
                "precipitation": 0
            },
            {
                "dt": 1731875940,
                "precipitation": 0
            },
            {
                "dt": 1731876000,
                "precipitation": 0
            },
            {
                "dt": 1731876060,
                "precipitation": 0
            },
            {
                "dt": 1731876120,
                "precipitation": 0
            },
            {
                "dt": 1731876180,
                "precipitation": 0
            },
            {
                "dt": 1731876240,
                "precipitation": 0
            },
            {
                "dt": 1731876300,
                "precipitation": 0
            },
            {
                "dt": 1731876360,
                "precipitation": 0
            },
            {
                "dt": 1731876420,
                "precipitation": 0
            },
            {
                "dt": 1731876480,
                "precipitation": 0
            },
            {
                "dt": 1731876540,
                "precipitation": 0
            },
            {
                "dt": 1731876600,
                "precipitation": 0
            },
            {
                "dt": 1731876660,
                "precipitation": 0
            },
            {
                "dt": 1731876720,
                "precipitation": 0
            },
            {
                "dt": 1731876780,
                "precipitation": 0
            },
            {
                "dt": 1731876840,
                "precipitation": 0
            },
            {
                "dt": 1731876900,
                "precipitation": 0
            },
            {
                "dt": 1731876960,
                "precipitation": 0
            },
            {
                "dt": 1731877020,
                "precipitation": 0
            },
            {
                "dt": 1731877080,
                "precipitation": 0
            },
            {
                "dt": 1731877140,
                "precipitation": 0
            },
            {
                "dt": 1731877200,
                "precipitation": 0
            },
            {
                "dt": 1731877260,
                "precipitation": 0
            },
            {
                "dt": 1731877320,
                "precipitation": 0
            },
            {
                "dt": 1731877380,
                "precipitation": 0
            },
            {
                "dt": 1731877440,
                "precipitation": 0
            },
            {
                "dt": 1731877500,
                "precipitation": 0
            },
            {
                "dt": 1731877560,
                "precipitation": 0
            },
            {
                "dt": 1731877620,
                "precipitation": 0
            },
            {
                "dt": 1731877680,
                "precipitation": 0
            },
            {
                "dt": 1731877740,
                "precipitation": 0
            },
            {
                "dt": 1731877800,
                "precipitation": 0
            },
            {
                "dt": 1731877860,
                "precipitation": 0
            },
            {
                "dt": 1731877920,
                "precipitation": 0
            },
            {
                "dt": 1731877980,
                "precipitation": 0
            },
            {
                "dt": 1731878040,
                "precipitation": 0
            },
            {
                "dt": 1731878100,
                "precipitation": 0
            }
        ],
        "hourly": [
            {
                "dt": 1731873600,
                "temp": 66.79,
                "feels_like": 64.4,
                "pressure": 1009,
                "humidity": 26,
                "dew_point": 30.99,
                "uvi": 3.08,
                "clouds": 10,
                "visibility": 10000,
                "wind_speed": 7,
                "wind_deg": 285,
                "wind_gust": 9.08,
                "weather": [
                    {
                        "id": 800,
                        "main": "Clear",
                        "description": "clear sky",
                        "icon": "01d"
                    }
                ],
                "pop": 0
            },
            {
                "dt": 1731877200,
                "temp": 66.7,
                "feels_like": 64.2,
                "pressure": 1009,
                "humidity": 24,
                "dew_point": 29.19,
                "uvi": 2.44,
                "clouds": 10,
                "visibility": 10000,
                "wind_speed": 7.27,
                "wind_deg": 272,
                "wind_gust": 8.81,
                "weather": [
                    {
                        "id": 800,
                        "main": "Clear",
                        "description": "clear sky",
                        "icon": "01d"
                    }
                ],
                "pop": 0
            },
            {
                "dt": 1731880800,
                "temp": 66.99,
                "feels_like": 64.47,
                "pressure": 1008,
                "humidity": 23,
                "dew_point": 28.47,
                "uvi": 1.47,
                "clouds": 10,
                "visibility": 10000,
                "wind_speed": 7.67,
                "wind_deg": 266,
                "wind_gust": 8.7,
                "weather": [
                    {
                        "id": 800,
                        "main": "Clear",
                        "description": "clear sky",
                        "icon": "01d"
                    }
                ],
                "pop": 0
            },
            {
                "dt": 1731884400,
                "temp": 67.44,
                "feels_like": 64.92,
                "pressure": 1008,
                "humidity": 22,
                "dew_point": 27.86,
                "uvi": 0.64,
                "clouds": 8,
                "visibility": 10000,
                "wind_speed": 8.77,
                "wind_deg": 270,
                "wind_gust": 9.19,
                "weather": [
                    {
                        "id": 800,
                        "main": "Clear",
                        "description": "clear sky",
                        "icon": "01d"
                    }
                ],
                "pop": 0
            },
            {
                "dt": 1731888000,
                "temp": 67.21,
                "feels_like": 64.62,
                "pressure": 1007,
                "humidity": 21,
                "dew_point": 26.69,
                "uvi": 0.14,
                "clouds": 6,
                "visibility": 10000,
                "wind_speed": 9.53,
                "wind_deg": 265,
                "wind_gust": 10.67,
                "weather": [
                    {
                        "id": 800,
                        "main": "Clear",
                        "description": "clear sky",
                        "icon": "01d"
                    }
                ],
                "pop": 0
            },
            {
                "dt": 1731891600,
                "temp": 65.55,
                "feels_like": 62.8,
                "pressure": 1008,
                "humidity": 21,
                "dew_point": 23.95,
                "uvi": 0,
                "clouds": 21,
                "visibility": 10000,
                "wind_speed": 10.25,
                "wind_deg": 252,
                "wind_gust": 13.2,
                "weather": [
                    {
                        "id": 801,
                        "main": "Clouds",
                        "description": "few clouds",
                        "icon": "02n"
                    }
                ],
                "pop": 0
            },
            {
                "dt": 1731895200,
                "temp": 63.21,
                "feels_like": 60.22,
                "pressure": 1009,
                "humidity": 21,
                "dew_point": 22.26,
                "uvi": 0,
                "clouds": 15,
                "visibility": 10000,
                "wind_speed": 12.1,
                "wind_deg": 255,
                "wind_gust": 19.57,
                "weather": [
                    {
                        "id": 801,
                        "main": "Clouds",
                        "description": "few clouds",
                        "icon": "02n"
                    }
                ],
                "pop": 0
            },
            {
                "dt": 1731898800,
                "temp": 61.79,
                "feels_like": 58.66,
                "pressure": 1009,
                "humidity": 21,
                "dew_point": 21.34,
                "uvi": 0,
                "clouds": 13,
                "visibility": 10000,
                "wind_speed": 9.57,
                "wind_deg": 258,
                "wind_gust": 18.97,
                "weather": [
                    {
                        "id": 801,
                        "main": "Clouds",
                        "description": "few clouds",
                        "icon": "02n"
                    }
                ],
                "pop": 0
            },
            {
                "dt": 1731902400,
                "temp": 60.62,
                "feels_like": 57.36,
                "pressure": 1010,
                "humidity": 21,
                "dew_point": 20.84,
                "uvi": 0,
                "clouds": 11,
                "visibility": 10000,
                "wind_speed": 8.48,
                "wind_deg": 253,
                "wind_gust": 16.87,
                "weather": [
                    {
                        "id": 801,
                        "main": "Clouds",
                        "description": "few clouds",
                        "icon": "02n"
                    }
                ],
                "pop": 0
            },
            {
                "dt": 1731906000,
                "temp": 59.85,
                "feels_like": 56.57,
                "pressure": 1010,
                "humidity": 22,
                "dew_point": 20.32,
                "uvi": 0,
                "clouds": 8,
                "visibility": 10000,
                "wind_speed": 7.16,
                "wind_deg": 247,
                "wind_gust": 11.32,
                "weather": [
                    {
                        "id": 800,
                        "main": "Clear",
                        "description": "clear sky",
                        "icon": "01n"
                    }
                ],
                "pop": 0
            },
            {
                "dt": 1731909600,
                "temp": 58.84,
                "feels_like": 55.51,
                "pressure": 1010,
                "humidity": 23,
                "dew_point": 20.32,
                "uvi": 0,
                "clouds": 7,
                "visibility": 10000,
                "wind_speed": 6.13,
                "wind_deg": 252,
                "wind_gust": 7.87,
                "weather": [
                    {
                        "id": 800,
                        "main": "Clear",
                        "description": "clear sky",
                        "icon": "01n"
                    }
                ],
                "pop": 0
            },
            {
                "dt": 1731913200,
                "temp": 57.76,
                "feels_like": 54.36,
                "pressure": 1011,
                "humidity": 24,
                "dew_point": 20.3,
                "uvi": 0,
                "clouds": 0,
                "visibility": 10000,
                "wind_speed": 4.54,
                "wind_deg": 248,
                "wind_gust": 6.91,
                "weather": [
                    {
                        "id": 800,
                        "main": "Clear",
                        "description": "clear sky",
                        "icon": "01n"
                    }
                ],
                "pop": 0
            },
            {
                "dt": 1731916800,
                "temp": 57.04,
                "feels_like": 53.62,
                "pressure": 1011,
                "humidity": 25,
                "dew_point": 20.7,
                "uvi": 0,
                "clouds": 0,
                "visibility": 10000,
                "wind_speed": 2.06,
                "wind_deg": 227,
                "wind_gust": 4.56,
                "weather": [
                    {
                        "id": 800,
                        "main": "Clear",
                        "description": "clear sky",
                        "icon": "01n"
                    }
                ],
                "pop": 0
            },
            {
                "dt": 1731920400,
                "temp": 56.43,
                "feels_like": 52.99,
                "pressure": 1011,
                "humidity": 26,
                "dew_point": 21.31,
                "uvi": 0,
                "clouds": 0,
                "visibility": 10000,
                "wind_speed": 1.59,
                "wind_deg": 224,
                "wind_gust": 4.14,
                "weather": [
                    {
                        "id": 800,
                        "main": "Clear",
                        "description": "clear sky",
                        "icon": "01n"
                    }
                ],
                "pop": 0
            },
            {
                "dt": 1731924000,
                "temp": 55.8,
                "feels_like": 52.34,
                "pressure": 1011,
                "humidity": 27,
                "dew_point": 21.88,
                "uvi": 0,
                "clouds": 0,
                "visibility": 10000,
                "wind_speed": 1.68,
                "wind_deg": 186,
                "wind_gust": 4.92,
                "weather": [
                    {
                        "id": 800,
                        "main": "Clear",
                        "description": "clear sky",
                        "icon": "01n"
                    }
                ],
                "pop": 0
            },
            {
                "dt": 1731927600,
                "temp": 55.11,
                "feels_like": 51.64,
                "pressure": 1012,
                "humidity": 28,
                "dew_point": 22.42,
                "uvi": 0,
                "clouds": 0,
                "visibility": 10000,
                "wind_speed": 1.52,
                "wind_deg": 183,
                "wind_gust": 4.63,
                "weather": [
                    {
                        "id": 800,
                        "main": "Clear",
                        "description": "clear sky",
                        "icon": "01n"
                    }
                ],
                "pop": 0
            },
            {
                "dt": 1731931200,
                "temp": 54.48,
                "feels_like": 51.04,
                "pressure": 1012,
                "humidity": 30,
                "dew_point": 23.07,
                "uvi": 0,
                "clouds": 0,
                "visibility": 10000,
                "wind_speed": 2.8,
                "wind_deg": 126,
                "wind_gust": 5.06,
                "weather": [
                    {
                        "id": 800,
                        "main": "Clear",
                        "description": "clear sky",
                        "icon": "01n"
                    }
                ],
                "pop": 0
            },
            {
                "dt": 1731934800,
                "temp": 53.82,
                "feels_like": 50.36,
                "pressure": 1013,
                "humidity": 31,
                "dew_point": 23.56,
                "uvi": 0,
                "clouds": 0,
                "visibility": 10000,
                "wind_speed": 3.58,
                "wind_deg": 110,
                "wind_gust": 5.41,
                "weather": [
                    {
                        "id": 800,
                        "main": "Clear",
                        "description": "clear sky",
                        "icon": "01n"
                    }
                ],
                "pop": 0
            },
            {
                "dt": 1731938400,
                "temp": 53.17,
                "feels_like": 49.69,
                "pressure": 1013,
                "humidity": 32,
                "dew_point": 23.59,
                "uvi": 0,
                "clouds": 0,
                "visibility": 10000,
                "wind_speed": 5.55,
                "wind_deg": 112,
                "wind_gust": 7.09,
                "weather": [
                    {
                        "id": 800,
                        "main": "Clear",
                        "description": "clear sky",
                        "icon": "01n"
                    }
                ],
                "pop": 0
            },
            {
                "dt": 1731942000,
                "temp": 54.1,
                "feels_like": 50.63,
                "pressure": 1014,
                "humidity": 30,
                "dew_point": 23.58,
                "uvi": 0.17,
                "clouds": 0,
                "visibility": 10000,
                "wind_speed": 5.99,
                "wind_deg": 111,
                "wind_gust": 7.52,
                "weather": [
                    {
                        "id": 800,
                        "main": "Clear",
                        "description": "clear sky",
                        "icon": "01d"
                    }
                ],
                "pop": 0
            },
            {
                "dt": 1731945600,
                "temp": 55.69,
                "feels_like": 52.27,
                "pressure": 1015,
                "humidity": 28,
                "dew_point": 23.02,
                "uvi": 0.78,
                "clouds": 0,
                "visibility": 10000,
                "wind_speed": 6.71,
                "wind_deg": 115,
                "wind_gust": 7.4,
                "weather": [
                    {
                        "id": 800,
                        "main": "Clear",
                        "description": "clear sky",
                        "icon": "01d"
                    }
                ],
                "pop": 0
            },
            {
                "dt": 1731949200,
                "temp": 57.49,
                "feels_like": 54.16,
                "pressure": 1015,
                "humidity": 26,
                "dew_point": 22.3,
                "uvi": 1.84,
                "clouds": 0,
                "visibility": 10000,
                "wind_speed": 5.1,
                "wind_deg": 121,
                "wind_gust": 4.92,
                "weather": [
                    {
                        "id": 800,
                        "main": "Clear",
                        "description": "clear sky",
                        "icon": "01d"
                    }
                ],
                "pop": 0
            },
            {
                "dt": 1731952800,
                "temp": 59.47,
                "feels_like": 56.19,
                "pressure": 1015,
                "humidity": 23,
                "dew_point": 21.38,
                "uvi": 3.06,
                "clouds": 0,
                "visibility": 10000,
                "wind_speed": 3.38,
                "wind_deg": 166,
                "wind_gust": 5.46,
                "weather": [
                    {
                        "id": 800,
                        "main": "Clear",
                        "description": "clear sky",
                        "icon": "01d"
                    }
                ],
                "pop": 0
            },
            {
                "dt": 1731956400,
                "temp": 61.66,
                "feels_like": 58.48,
                "pressure": 1014,
                "humidity": 20,
                "dew_point": 20.28,
                "uvi": 3.87,
                "clouds": 0,
                "visibility": 10000,
                "wind_speed": 4.09,
                "wind_deg": 190,
                "wind_gust": 7.49,
                "weather": [
                    {
                        "id": 800,
                        "main": "Clear",
                        "description": "clear sky",
                        "icon": "01d"
                    }
                ],
                "pop": 0
            },
            {
                "dt": 1731960000,
                "temp": 63.9,
                "feels_like": 60.84,
                "pressure": 1013,
                "humidity": 18,
                "dew_point": 19.38,
                "uvi": 3.86,
                "clouds": 0,
                "visibility": 10000,
                "wind_speed": 3.38,
                "wind_deg": 219,
                "wind_gust": 8.68,
                "weather": [
                    {
                        "id": 800,
                        "main": "Clear",
                        "description": "clear sky",
                        "icon": "01d"
                    }
                ],
                "pop": 0
            },
            {
                "dt": 1731963600,
                "temp": 65.77,
                "feels_like": 62.8,
                "pressure": 1011,
                "humidity": 16,
                "dew_point": 18.68,
                "uvi": 3.05,
                "clouds": 0,
                "visibility": 10000,
                "wind_speed": 4.05,
                "wind_deg": 268,
                "wind_gust": 9.71,
                "weather": [
                    {
                        "id": 800,
                        "main": "Clear",
                        "description": "clear sky",
                        "icon": "01d"
                    }
                ],
                "pop": 0
            },
            {
                "dt": 1731967200,
                "temp": 67.17,
                "feels_like": 64.29,
                "pressure": 1011,
                "humidity": 15,
                "dew_point": 18.45,
                "uvi": 1.83,
                "clouds": 0,
                "visibility": 10000,
                "wind_speed": 6.2,
                "wind_deg": 287,
                "wind_gust": 10.98,
                "weather": [
                    {
                        "id": 800,
                        "main": "Clear",
                        "description": "clear sky",
                        "icon": "01d"
                    }
                ],
                "pop": 0
            },
            {
                "dt": 1731970800,
                "temp": 67.78,
                "feels_like": 65.01,
                "pressure": 1011,
                "humidity": 16,
                "dew_point": 19.15,
                "uvi": 0.76,
                "clouds": 0,
                "visibility": 10000,
                "wind_speed": 6.46,
                "wind_deg": 277,
                "wind_gust": 11.27,
                "weather": [
                    {
                        "id": 800,
                        "main": "Clear",
                        "description": "clear sky",
                        "icon": "01d"
                    }
                ],
                "pop": 0
            },
            {
                "dt": 1731974400,
                "temp": 67.23,
                "feels_like": 64.45,
                "pressure": 1010,
                "humidity": 17,
                "dew_point": 20.86,
                "uvi": 0.15,
                "clouds": 0,
                "visibility": 10000,
                "wind_speed": 5.88,
                "wind_deg": 247,
                "wind_gust": 10.18,
                "weather": [
                    {
                        "id": 800,
                        "main": "Clear",
                        "description": "clear sky",
                        "icon": "01d"
                    }
                ],
                "pop": 0
            },
            {
                "dt": 1731978000,
                "temp": 65.97,
                "feels_like": 63.16,
                "pressure": 1010,
                "humidity": 19,
                "dew_point": 22.33,
                "uvi": 0,
                "clouds": 0,
                "visibility": 10000,
                "wind_speed": 3.09,
                "wind_deg": 248,
                "wind_gust": 5.77,
                "weather": [
                    {
                        "id": 800,
                        "main": "Clear",
                        "description": "clear sky",
                        "icon": "01n"
                    }
                ],
                "pop": 0
            },
            {
                "dt": 1731981600,
                "temp": 64.49,
                "feels_like": 61.63,
                "pressure": 1011,
                "humidity": 21,
                "dew_point": 23.52,
                "uvi": 0,
                "clouds": 0,
                "visibility": 10000,
                "wind_speed": 2.64,
                "wind_deg": 193,
                "wind_gust": 5.84,
                "weather": [
                    {
                        "id": 800,
                        "main": "Clear",
                        "description": "clear sky",
                        "icon": "01n"
                    }
                ],
                "pop": 0
            },
            {
                "dt": 1731985200,
                "temp": 62.69,
                "feels_like": 59.83,
                "pressure": 1012,
                "humidity": 25,
                "dew_point": 25.43,
                "uvi": 0,
                "clouds": 0,
                "visibility": 10000,
                "wind_speed": 3.98,
                "wind_deg": 158,
                "wind_gust": 9.31,
                "weather": [
                    {
                        "id": 800,
                        "main": "Clear",
                        "description": "clear sky",
                        "icon": "01n"
                    }
                ],
                "pop": 0
            },
            {
                "dt": 1731988800,
                "temp": 61.36,
                "feels_like": 58.55,
                "pressure": 1012,
                "humidity": 29,
                "dew_point": 27.36,
                "uvi": 0,
                "clouds": 0,
                "visibility": 10000,
                "wind_speed": 3.38,
                "wind_deg": 160,
                "wind_gust": 9.04,
                "weather": [
                    {
                        "id": 800,
                        "main": "Clear",
                        "description": "clear sky",
                        "icon": "01n"
                    }
                ],
                "pop": 0
            },
            {
                "dt": 1731992400,
                "temp": 60.53,
                "feels_like": 57.74,
                "pressure": 1013,
                "humidity": 31,
                "dew_point": 27.99,
                "uvi": 0,
                "clouds": 0,
                "visibility": 10000,
                "wind_speed": 1.66,
                "wind_deg": 159,
                "wind_gust": 5.1,
                "weather": [
                    {
                        "id": 800,
                        "main": "Clear",
                        "description": "clear sky",
                        "icon": "01n"
                    }
                ],
                "pop": 0
            },
            {
                "dt": 1731996000,
                "temp": 59.86,
                "feels_like": 57.06,
                "pressure": 1013,
                "humidity": 32,
                "dew_point": 27.54,
                "uvi": 0,
                "clouds": 0,
                "visibility": 10000,
                "wind_speed": 1.57,
                "wind_deg": 128,
                "wind_gust": 3.29,
                "weather": [
                    {
                        "id": 800,
                        "main": "Clear",
                        "description": "clear sky",
                        "icon": "01n"
                    }
                ],
                "pop": 0
            },
            {
                "dt": 1731999600,
                "temp": 59.58,
                "feels_like": 56.7,
                "pressure": 1013,
                "humidity": 31,
                "dew_point": 27.19,
                "uvi": 0,
                "clouds": 0,
                "visibility": 10000,
                "wind_speed": 0.78,
                "wind_deg": 250,
                "wind_gust": 1.63,
                "weather": [
                    {
                        "id": 800,
                        "main": "Clear",
                        "description": "clear sky",
                        "icon": "01n"
                    }
                ],
                "pop": 0
            },
            {
                "dt": 1732003200,
                "temp": 59.2,
                "feels_like": 56.41,
                "pressure": 1013,
                "humidity": 34,
                "dew_point": 28.85,
                "uvi": 0,
                "clouds": 0,
                "visibility": 10000,
                "wind_speed": 1.07,
                "wind_deg": 247,
                "wind_gust": 1.43,
                "weather": [
                    {
                        "id": 800,
                        "main": "Clear",
                        "description": "clear sky",
                        "icon": "01n"
                    }
                ],
                "pop": 0
            },
            {
                "dt": 1732006800,
                "temp": 58.84,
                "feels_like": 56.16,
                "pressure": 1014,
                "humidity": 37,
                "dew_point": 31.35,
                "uvi": 0,
                "clouds": 0,
                "visibility": 10000,
                "wind_speed": 2.98,
                "wind_deg": 295,
                "wind_gust": 3.15,
                "weather": [
                    {
                        "id": 800,
                        "main": "Clear",
                        "description": "clear sky",
                        "icon": "01n"
                    }
                ],
                "pop": 0
            },
            {
                "dt": 1732010400,
                "temp": 58.26,
                "feels_like": 55.72,
                "pressure": 1014,
                "humidity": 41,
                "dew_point": 34.14,
                "uvi": 0,
                "clouds": 10,
                "visibility": 10000,
                "wind_speed": 3.06,
                "wind_deg": 308,
                "wind_gust": 3.42,
                "weather": [
                    {
                        "id": 800,
                        "main": "Clear",
                        "description": "clear sky",
                        "icon": "01n"
                    }
                ],
                "pop": 0
            },
            {
                "dt": 1732014000,
                "temp": 57.81,
                "feels_like": 55.36,
                "pressure": 1014,
                "humidity": 44,
                "dew_point": 35.65,
                "uvi": 0,
                "clouds": 21,
                "visibility": 10000,
                "wind_speed": 3.27,
                "wind_deg": 316,
                "wind_gust": 3.74,
                "weather": [
                    {
                        "id": 801,
                        "main": "Clouds",
                        "description": "few clouds",
                        "icon": "02n"
                    }
                ],
                "pop": 0
            },
            {
                "dt": 1732017600,
                "temp": 57.6,
                "feels_like": 55.22,
                "pressure": 1014,
                "humidity": 46,
                "dew_point": 36.43,
                "uvi": 0,
                "clouds": 35,
                "visibility": 10000,
                "wind_speed": 1.66,
                "wind_deg": 306,
                "wind_gust": 1.45,
                "weather": [
                    {
                        "id": 802,
                        "main": "Clouds",
                        "description": "scattered clouds",
                        "icon": "03n"
                    }
                ],
                "pop": 0
            },
            {
                "dt": 1732021200,
                "temp": 57.33,
                "feels_like": 54.88,
                "pressure": 1015,
                "humidity": 45,
                "dew_point": 35.92,
                "uvi": 0,
                "clouds": 100,
                "visibility": 10000,
                "wind_speed": 0.49,
                "wind_deg": 82,
                "wind_gust": 0.87,
                "weather": [
                    {
                        "id": 804,
                        "main": "Clouds",
                        "description": "overcast clouds",
                        "icon": "04n"
                    }
                ],
                "pop": 0
            },
            {
                "dt": 1732024800,
                "temp": 57.4,
                "feels_like": 54.81,
                "pressure": 1016,
                "humidity": 42,
                "dew_point": 34.39,
                "uvi": 0,
                "clouds": 100,
                "visibility": 10000,
                "wind_speed": 1.7,
                "wind_deg": 104,
                "wind_gust": 1.79,
                "weather": [
                    {
                        "id": 804,
                        "main": "Clouds",
                        "description": "overcast clouds",
                        "icon": "04n"
                    }
                ],
                "pop": 0
            },
            {
                "dt": 1732028400,
                "temp": 58.26,
                "feels_like": 55.53,
                "pressure": 1017,
                "humidity": 37,
                "dew_point": 32.07,
                "uvi": 0.14,
                "clouds": 99,
                "visibility": 10000,
                "wind_speed": 3.18,
                "wind_deg": 110,
                "wind_gust": 4.36,
                "weather": [
                    {
                        "id": 804,
                        "main": "Clouds",
                        "description": "overcast clouds",
                        "icon": "04d"
                    }
                ],
                "pop": 0
            },
            {
                "dt": 1732032000,
                "temp": 59.7,
                "feels_like": 56.82,
                "pressure": 1017,
                "humidity": 31,
                "dew_point": 28.83,
                "uvi": 0.72,
                "clouds": 78,
                "visibility": 10000,
                "wind_speed": 4.47,
                "wind_deg": 97,
                "wind_gust": 5.66,
                "weather": [
                    {
                        "id": 803,
                        "main": "Clouds",
                        "description": "broken clouds",
                        "icon": "04d"
                    }
                ],
                "pop": 0
            },
            {
                "dt": 1732035600,
                "temp": 61.05,
                "feels_like": 58.17,
                "pressure": 1018,
                "humidity": 28,
                "dew_point": 27.1,
                "uvi": 1.68,
                "clouds": 77,
                "visibility": 10000,
                "wind_speed": 5.5,
                "wind_deg": 82,
                "wind_gust": 6.13,
                "weather": [
                    {
                        "id": 803,
                        "main": "Clouds",
                        "description": "broken clouds",
                        "icon": "04d"
                    }
                ],
                "pop": 0
            },
            {
                "dt": 1732039200,
                "temp": 62.91,
                "feels_like": 60.03,
                "pressure": 1018,
                "humidity": 24,
                "dew_point": 25.88,
                "uvi": 2.85,
                "clouds": 66,
                "visibility": 10000,
                "wind_speed": 6.04,
                "wind_deg": 88,
                "wind_gust": 6.64,
                "weather": [
                    {
                        "id": 803,
                        "main": "Clouds",
                        "description": "broken clouds",
                        "icon": "04d"
                    }
                ],
                "pop": 0
            },
            {
                "dt": 1732042800,
                "temp": 64.08,
                "feels_like": 61.27,
                "pressure": 1017,
                "humidity": 23,
                "dew_point": 25.43,
                "uvi": 3.51,
                "clouds": 46,
                "visibility": 10000,
                "wind_speed": 4.07,
                "wind_deg": 79,
                "wind_gust": 4.14,
                "weather": [
                    {
                        "id": 802,
                        "main": "Clouds",
                        "description": "scattered clouds",
                        "icon": "03d"
                    }
                ],
                "pop": 0
            }
        ],
        "daily": [
            {
                "dt": 1731870000,
                "sunrise": 1731852137,
                "sunset": 1731889487,
                "moonrise": 1731894960,
                "moonset": 1731860220,
                "moon_phase": 0.57,
                "summary": "Expect a day of partly cloudy with clear spells",
                "temp": {
                    "day": 66,
                    "min": 54.52,
                    "max": 67.44,
                    "night": 58.84,
                    "eve": 65.55,
                    "morn": 54.91
                },
                "feels_like": {
                    "day": 63.48,
                    "night": 55.51,
                    "eve": 62.8,
                    "morn": 51.75
                },
                "pressure": 1009,
                "humidity": 25,
                "dew_point": 29.53,
                "wind_speed": 12.1,
                "wind_deg": 255,
                "wind_gust": 19.57,
                "weather": [
                    {
                        "id": 800,
                        "main": "Clear",
                        "description": "clear sky",
                        "icon": "01d"
                    }
                ],
                "clouds": 10,
                "pop": 0,
                "uvi": 3.1
            },
            {
                "dt": 1731956400,
                "sunrise": 1731938594,
                "sunset": 1731975857,
                "moonrise": 1731985140,
                "moonset": 1731950460,
                "moon_phase": 0.61,
                "summary": "There will be clear sky today",
                "temp": {
                    "day": 61.66,
                    "min": 53.17,
                    "max": 67.78,
                    "night": 59.86,
                    "eve": 65.97,
                    "morn": 53.82
                },
                "feels_like": {
                    "day": 58.48,
                    "night": 57.06,
                    "eve": 63.16,
                    "morn": 50.36
                },
                "pressure": 1014,
                "humidity": 20,
                "dew_point": 20.28,
                "wind_speed": 6.71,
                "wind_deg": 115,
                "wind_gust": 11.27,
                "weather": [
                    {
                        "id": 800,
                        "main": "Clear",
                        "description": "clear sky",
                        "icon": "01d"
                    }
                ],
                "clouds": 0,
                "pop": 0,
                "uvi": 3.87
            },
            {
                "dt": 1732042800,
                "sunrise": 1732025050,
                "sunset": 1732062230,
                "moonrise": 1732075560,
                "moonset": 1732040100,
                "moon_phase": 0.64,
                "summary": "There will be clear sky until morning, then partly cloudy",
                "temp": {
                    "day": 64.08,
                    "min": 57.33,
                    "max": 66.97,
                    "night": 62.4,
                    "eve": 65.82,
                    "morn": 57.33
                },
                "feels_like": {
                    "day": 61.27,
                    "night": 59.76,
                    "eve": 63.19,
                    "morn": 54.88
                },
                "pressure": 1017,
                "humidity": 23,
                "dew_point": 25.43,
                "wind_speed": 6.04,
                "wind_deg": 88,
                "wind_gust": 6.64,
                "weather": [
                    {
                        "id": 802,
                        "main": "Clouds",
                        "description": "scattered clouds",
                        "icon": "03d"
                    }
                ],
                "clouds": 46,
                "pop": 0,
                "uvi": 3.59
            },
            {
                "dt": 1732129200,
                "sunrise": 1732111506,
                "sunset": 1732148604,
                "moonrise": 1732165860,
                "moonset": 1732129200,
                "moon_phase": 0.68,
                "summary": "There will be clear sky today",
                "temp": {
                    "day": 66.76,
                    "min": 57.06,
                    "max": 70.97,
                    "night": 65.68,
                    "eve": 70.97,
                    "morn": 57.36
                },
                "feels_like": {
                    "day": 63.84,
                    "night": 62.69,
                    "eve": 68.38,
                    "morn": 54.12
                },
                "pressure": 1021,
                "humidity": 15,
                "dew_point": 18.32,
                "wind_speed": 4.32,
                "wind_deg": 66,
                "wind_gust": 6.29,
                "weather": [
                    {
                        "id": 800,
                        "main": "Clear",
                        "description": "clear sky",
                        "icon": "01d"
                    }
                ],
                "clouds": 0,
                "pop": 0,
                "uvi": 3.72
            },
            {
                "dt": 1732215600,
                "sunrise": 1732197961,
                "sunset": 1732234979,
                "moonrise": 1732255980,
                "moonset": 1732217700,
                "moon_phase": 0.71,
                "summary": "There will be clear sky until morning, then partly cloudy",
                "temp": {
                    "day": 68.13,
                    "min": 60.93,
                    "max": 73.33,
                    "night": 67.33,
                    "eve": 71.92,
                    "morn": 60.98
                },
                "feels_like": {
                    "day": 65.25,
                    "night": 64.42,
                    "eve": 69.28,
                    "morn": 57.76
                },
                "pressure": 1021,
                "humidity": 13,
                "dew_point": 14.95,
                "wind_speed": 3.91,
                "wind_deg": 66,
                "wind_gust": 4.34,
                "weather": [
                    {
                        "id": 803,
                        "main": "Clouds",
                        "description": "broken clouds",
                        "icon": "04d"
                    }
                ],
                "clouds": 63,
                "pop": 0,
                "uvi": 3.47
            },
            {
                "dt": 1732302000,
                "sunrise": 1732284417,
                "sunset": 1732321357,
                "moonrise": 0,
                "moonset": 1732305960,
                "moon_phase": 0.75,
                "summary": "There will be partly cloudy today",
                "temp": {
                    "day": 70.2,
                    "min": 64.49,
                    "max": 73.81,
                    "night": 67.62,
                    "eve": 72.81,
                    "morn": 64.49
                },
                "feels_like": {
                    "day": 67.48,
                    "night": 64.83,
                    "eve": 70.3,
                    "morn": 61.25
                },
                "pressure": 1017,
                "humidity": 12,
                "dew_point": 15.93,
                "wind_speed": 5.03,
                "wind_deg": 90,
                "wind_gust": 5.26,
                "weather": [
                    {
                        "id": 804,
                        "main": "Clouds",
                        "description": "overcast clouds",
                        "icon": "04d"
                    }
                ],
                "clouds": 100,
                "pop": 0,
                "uvi": 4
            },
            {
                "dt": 1732388400,
                "sunrise": 1732370872,
                "sunset": 1732407736,
                "moonrise": 1732345920,
                "moonset": 1732393920,
                "moon_phase": 0.77,
                "summary": "There will be clear sky today",
                "temp": {
                    "day": 70.72,
                    "min": 63.57,
                    "max": 76.19,
                    "night": 68.36,
                    "eve": 75.78,
                    "morn": 63.73
                },
                "feels_like": {
                    "day": 68.14,
                    "night": 66.31,
                    "eve": 73.53,
                    "morn": 60.66
                },
                "pressure": 1014,
                "humidity": 14,
                "dew_point": 19.74,
                "wind_speed": 5.77,
                "wind_deg": 264,
                "wind_gust": 11.07,
                "weather": [
                    {
                        "id": 800,
                        "main": "Clear",
                        "description": "clear sky",
                        "icon": "01d"
                    }
                ],
                "clouds": 5,
                "pop": 0,
                "uvi": 4
            },
            {
                "dt": 1732474800,
                "sunrise": 1732457327,
                "sunset": 1732494117,
                "moonrise": 1732435740,
                "moonset": 1732481760,
                "moon_phase": 0.8,
                "summary": "Expect a day of partly cloudy with clear spells",
                "temp": {
                    "day": 67.14,
                    "min": 62.29,
                    "max": 72.34,
                    "night": 67.62,
                    "eve": 72.34,
                    "morn": 62.29
                },
                "feels_like": {
                    "day": 65.19,
                    "night": 65.64,
                    "eve": 70.39,
                    "morn": 60.39
                },
                "pressure": 1013,
                "humidity": 35,
                "dew_point": 38.44,
                "wind_speed": 3.69,
                "wind_deg": 329,
                "wind_gust": 9.24,
                "weather": [
                    {
                        "id": 803,
                        "main": "Clouds",
                        "description": "broken clouds",
                        "icon": "04d"
                    }
                ],
                "clouds": 73,
                "pop": 0,
                "uvi": 4
            }
        ]
    }
}