{
    "location_data": [
        {
            "name": "Brooklyn",
            "local_names": {
                "hr": "Brooklyn",
                "sr": "\u0411\u0440\u0443\u043a\u043b\u0438\u043d",
                "de": "Brooklyn",
                "ru": "\u0411\u0440\u0443\u043a\u043b\u0438\u043d",
                "en": "Brooklyn",
                "el": "\u039c\u03c0\u03c1\u03bf\u03cd\u03ba\u03bb\u03b9\u03bd",
                "he": "\u05d1\u05e8\u05d5\u05e7\u05dc\u05d9\u05df"
            },
            "lat": 40.6526006,
            "lon": -73.9497211,
            "country": "US",
            "state": "New York"
        }
    ],
    "weather_data": {
        "lat": 40.6526,
        "lon": -73.9497,
        "timezone": "America/New_York",
        "timezone_offset": -14400,
        "current": {
            "dt": 1730078866,
            "sunrise": 1730028039,
            "sunset": 1730066302,
            "temp": 51.37,
            "feels_like": 49.03,
            "pressure": 1028,
            "humidity": 60,
            "dew_point": 37.98,
            "uvi": 0,
            "clouds": 75,
            "visibility": 10000,
            "wind_speed": 11.5,
            "wind_deg": 230,
            "weather": [
                {
                    "id": 803,
                    "main": "Clouds",
                    "description": "broken clouds",
                    "icon": "04n"
                }
            ]
        },
        "minutely": [
            {
                "dt": 1730078880,
                "precipitation": 0
            },
            {
                "dt": 1730078940,
                "precipitation": 0
            },
            {
                "dt": 1730079000,
                "precipitation": 0
            },
            {
                "dt": 1730079060,
                "precipitation": 0
            },
            {
                "dt": 1730079120,
                "precipitation": 0
            },
            {
                "dt": 1730079180,
                "precipitation": 0
            },
            {
                "dt": 1730079240,
                "precipitation": 0
            },
            {
                "dt": 1730079300,
                "precipitation": 0
            },
            {
                "dt": 1730079360,
                "precipitation": 0
            },
            {
                "dt": 1730079420,
                "precipitation": 0
            },
            {
                "dt": 1730079480,
                "precipitation": 0
            },
            {
                "dt": 1730079540,
                "precipitation": 0
            },
            {
                "dt": 1730079600,
                "precipitation": 0
            },
            {
                "dt": 1730079660,
                "precipitation": 0
            },
            {
                "dt": 1730079720,
                "precipitation": 0
            },
            {
                "dt": 1730079780,
                "precipitation": 0
            },
            {
                "dt": 1730079840,
                "precipitation": 0
            },
            {
                "dt": 1730079900,
                "precipitation": 0
            },
            {
                "dt": 1730079960,
                "precipitation": 0
            },
            {
                "dt": 1730080020,
                "precipitation": 0
            },
            {
                "dt": 1730080080,
                "precipitation": 0
            },
            {
                "dt": 1730080140,
                "precipitation": 0
            },
            {
                "dt": 1730080200,
                "precipitation": 0
            },
            {
                "dt": 1730080260,
                "precipitation": 0
            },
            {
                "dt": 1730080320,
                "precipitation": 0
            },
            {
                "dt": 1730080380,
                "precipitation": 0
            },
            {
                "dt": 1730080440,
                "precipitation": 0
            },
            {
                "dt": 1730080500,
                "precipitation": 0
            },
            {
                "dt": 1730080560,
                "precipitation": 0
            },
            {
                "dt": 1730080620,
                "precipitation": 0
            },
            {
                "dt": 1730080680,
                "precipitation": 0
            },
            {
                "dt": 1730080740,
                "precipitation": 0
            },
            {
                "dt": 1730080800,
                "precipitation": 0
            },
            {
                "dt": 1730080860,
                "precipitation": 0
            },
            {
                "dt": 1730080920,
                "precipitation": 0
            },
            {
                "dt": 1730080980,
                "precipitation": 0
            },
            {
                "dt": 1730081040,
                "precipitation": 0
            },
            {
                "dt": 1730081100,
                "precipitation": 0
            },
            {
                "dt": 1730081160,
                "precipitation": 0
            },
            {
                "dt": 1730081220,
                "precipitation": 0
            },
            {
                "dt": 1730081280,
                "precipitation": 0
            },
            {
                "dt": 1730081340,
                "precipitation": 0
            },
            {
                "dt": 1730081400,
                "precipitation": 0
            },
            {
                "dt": 1730081460,
                "precipitation": 0
            },
            {
                "dt": 1730081520,
                "precipitation": 0
            },
            {
                "dt": 1730081580,
                "precipitation": 0
            },
            {
                "dt": 1730081640,
                "precipitation": 0
            },
            {
                "dt": 1730081700,
                "precipitation": 0
            },
            {
                "dt": 1730081760,
                "precipitation": 0
            },
            {
                "dt": 1730081820,
                "precipitation": 0
            },
            {
                "dt": 1730081880,
                "precipitation": 0
            },
            {
                "dt": 1730081940,
                "precipitation": 0
            },
            {
                "dt": 1730082000,
                "precipitation": 0
            },
            {
                "dt": 1730082060,
                "precipitation": 0
            },
            {
                "dt": 1730082120,
                "precipitation": 0
            },
            {
                "dt": 1730082180,
                "precipitation": 0
            },
            {
                "dt": 1730082240,
                "precipitation": 0
            },
            {
                "dt": 1730082300,
                "precipitation": 0
            },
            {
                "dt": 1730082360,
                "precipitation": 0
            },
            {
                "dt": 1730082420,
                "precipitation": 0
            }
        ],
        "hourly": [
            {
                "dt": 1730077200,
                "temp": 51.37,
                "feels_like": 49.03,
                "pressure": 1028,
                "humidity": 60,
                "dew_point": 37.98,
                "uvi": 0,
                "clouds": 75,
                "visibility": 10000,
                "wind_speed": 4.74,
                "wind_deg": 245,
                "wind_gust": 6.26,
                "weather": [
                    {
                        "id": 803,
                        "main": "Clouds",
                        "description": "broken clouds",
                        "icon": "04n"
                    }
                ],
                "pop": 0
            },
            {
                "dt": 1730080800,
                "temp": 51.89,
                "feels_like": 49.32,
                "pressure": 1028,
                "humidity": 54,
                "dew_point": 35.8,
                "uvi": 0,
                "clouds": 69,
                "visibility": 10000,
                "wind_speed": 4.25,
                "wind_deg": 289,
                "wind_gust": 6.91,
                "weather": [
                    {
                        "id": 803,
                        "main": "Clouds",
                        "description": "broken clouds",
                        "icon": "04n"
                    }
                ],
                "pop": 0
            },
            {
                "dt": 1730084400,
                "temp": 52.02,
                "feels_like": 49.17,
                "pressure": 1028,
                "humidity": 48,
                "dew_point": 32.95,
                "uvi": 0,
                "clouds": 64,
                "visibility": 10000,
                "wind_speed": 3.94,
                "wind_deg": 295,
                "wind_gust": 5.79,
                "weather": [
                    {
                        "id": 803,
                        "main": "Clouds",
                        "description": "broken clouds",
                        "icon": "04n"
                    }
                ],
                "pop": 0
            },
            {
                "dt": 1730088000,
                "temp": 52,
                "feels_like": 48.87,
                "pressure": 1028,
                "humidity": 42,
                "dew_point": 29.93,
                "uvi": 0,
                "clouds": 58,
                "visibility": 10000,
                "wind_speed": 3.71,
                "wind_deg": 283,
                "wind_gust": 4.32,
                "weather": [
                    {
                        "id": 803,
                        "main": "Clouds",
                        "description": "broken clouds",
                        "icon": "04n"
                    }
                ],
                "pop": 0
            },
            {
                "dt": 1730091600,
                "temp": 51.98,
                "feels_like": 48.58,
                "pressure": 1028,
                "humidity": 36,
                "dew_point": 26.58,
                "uvi": 0,
                "clouds": 47,
                "visibility": 10000,
                "wind_speed": 3.62,
                "wind_deg": 272,
                "wind_gust": 4.12,
                "weather": [
                    {
                        "id": 802,
                        "main": "Clouds",
                        "description": "scattered clouds",
                        "icon": "03n"
                    }
                ],
                "pop": 0
            },
            {
                "dt": 1730095200,
                "temp": 51.87,
                "feels_like": 48.27,
                "pressure": 1028,
                "humidity": 32,
                "dew_point": 22.96,
                "uvi": 0,
                "clouds": 35,
                "visibility": 10000,
                "wind_speed": 3.71,
                "wind_deg": 281,
                "wind_gust": 3.96,
                "weather": [
                    {
                        "id": 802,
                        "main": "Clouds",
                        "description": "scattered clouds",
                        "icon": "03n"
                    }
                ],
                "pop": 0
            },
            {
                "dt": 1730098800,
                "temp": 51.58,
                "feels_like": 48,
                "pressure": 1028,
                "humidity": 33,
                "dew_point": 23.59,
                "uvi": 0,
                "clouds": 9,
                "visibility": 10000,
                "wind_speed": 4.25,
                "wind_deg": 289,
                "wind_gust": 4.65,
                "weather": [
                    {
                        "id": 800,
                        "main": "Clear",
                        "description": "clear sky",
                        "icon": "01n"
                    }
                ],
                "pop": 0
            },
            {
                "dt": 1730102400,
                "temp": 51.33,
                "feels_like": 47.77,
                "pressure": 1029,
                "humidity": 34,
                "dew_point": 24.08,
                "uvi": 0,
                "clouds": 10,
                "visibility": 10000,
                "wind_speed": 4.47,
                "wind_deg": 290,
                "wind_gust": 4.94,
                "weather": [
                    {
                        "id": 800,
                        "main": "Clear",
                        "description": "clear sky",
                        "icon": "01n"
                    }
                ],
                "pop": 0
            },
            {
                "dt": 1730106000,
                "temp": 51.04,
                "feels_like": 47.5,
                "pressure": 1029,
                "humidity": 35,
                "dew_point": 24.4,
                "uvi": 0,
                "clouds": 11,
                "visibility": 10000,
                "wind_speed": 4.16,
                "wind_deg": 305,
                "wind_gust": 4.52,
                "weather": [
                    {
                        "id": 801,
                        "main": "Clouds",
                        "description": "few clouds",
                        "icon": "02n"
                    }
                ],
                "pop": 0
            },
            {
                "dt": 1730109600,
                "temp": 50.76,
                "feels_like": 47.23,
                "pressure": 1030,
                "humidity": 36,
                "dew_point": 24.73,
                "uvi": 0,
                "clouds": 11,
                "visibility": 10000,
                "wind_speed": 4.38,
                "wind_deg": 322,
                "wind_gust": 5.06,
                "weather": [
                    {
                        "id": 801,
                        "main": "Clouds",
                        "description": "few clouds",
                        "icon": "02n"
                    }
                ],
                "pop": 0
            },
            {
                "dt": 1730113200,
                "temp": 50.45,
                "feels_like": 46.94,
                "pressure": 1030,
                "humidity": 37,
                "dew_point": 24.94,
                "uvi": 0,
                "clouds": 10,
                "visibility": 10000,
                "wind_speed": 4.16,
                "wind_deg": 331,
                "wind_gust": 4.97,
                "weather": [
                    {
                        "id": 800,
                        "main": "Clear",
                        "description": "clear sky",
                        "icon": "01n"
                    }
                ],
                "pop": 0
            },
            {
                "dt": 1730116800,
                "temp": 50.49,
                "feels_like": 46.98,
                "pressure": 1031,
                "humidity": 37,
                "dew_point": 25.07,
                "uvi": 0,
                "clouds": 12,
                "visibility": 10000,
                "wind_speed": 3.8,
                "wind_deg": 338,
                "wind_gust": 4.21,
                "weather": [
                    {
                        "id": 801,
                        "main": "Clouds",
                        "description": "few clouds",
                        "icon": "02d"
                    }
                ],
                "pop": 0
            },
            {
                "dt": 1730120400,
                "temp": 51.49,
                "feels_like": 48.04,
                "pressure": 1031,
                "humidity": 36,
                "dew_point": 25.23,
                "uvi": 0.36,
                "clouds": 40,
                "visibility": 10000,
                "wind_speed": 3.94,
                "wind_deg": 352,
                "wind_gust": 3.94,
                "weather": [
                    {
                        "id": 802,
                        "main": "Clouds",
                        "description": "scattered clouds",
                        "icon": "03d"
                    }
                ],
                "pop": 0
            },
            {
                "dt": 1730124000,
                "temp": 52.83,
                "feels_like": 49.41,
                "pressure": 1032,
                "humidity": 34,
                "dew_point": 25.29,
                "uvi": 0.99,
                "clouds": 39,
                "visibility": 10000,
                "wind_speed": 4.54,
                "wind_deg": 23,
                "wind_gust": 4.41,
                "weather": [
                    {
                        "id": 802,
                        "main": "Clouds",
                        "description": "scattered clouds",
                        "icon": "03d"
                    }
                ],
                "pop": 0
            },
            {
                "dt": 1730127600,
                "temp": 54.1,
                "feels_like": 50.77,
                "pressure": 1032,
                "humidity": 33,
                "dew_point": 25.34,
                "uvi": 1.83,
                "clouds": 36,
                "visibility": 10000,
                "wind_speed": 4.72,
                "wind_deg": 44,
                "wind_gust": 4.52,
                "weather": [
                    {
                        "id": 802,
                        "main": "Clouds",
                        "description": "scattered clouds",
                        "icon": "03d"
                    }
                ],
                "pop": 0
            },
            {
                "dt": 1730131200,
                "temp": 55.18,
                "feels_like": 51.91,
                "pressure": 1032,
                "humidity": 32,
                "dew_point": 25.68,
                "uvi": 2.52,
                "clouds": 41,
                "visibility": 10000,
                "wind_speed": 4.36,
                "wind_deg": 67,
                "wind_gust": 4.25,
                "weather": [
                    {
                        "id": 802,
                        "main": "Clouds",
                        "description": "scattered clouds",
                        "icon": "03d"
                    }
                ],
                "pop": 0
            },
            {
                "dt": 1730134800,
                "temp": 56.14,
                "feels_like": 52.95,
                "pressure": 1031,
                "humidity": 32,
                "dew_point": 26.8,
                "uvi": 2.79,
                "clouds": 46,
                "visibility": 10000,
                "wind_speed": 4.59,
                "wind_deg": 102,
                "wind_gust": 4.59,
                "weather": [
                    {
                        "id": 802,
                        "main": "Clouds",
                        "description": "scattered clouds",
                        "icon": "03d"
                    }
                ],
                "pop": 0
            },
            {
                "dt": 1730138400,
                "temp": 56.84,
                "feels_like": 53.78,
                "pressure": 1031,
                "humidity": 33,
                "dew_point": 27.99,
                "uvi": 2.48,
                "clouds": 45,
                "visibility": 10000,
                "wind_speed": 4.88,
                "wind_deg": 134,
                "wind_gust": 4.52,
                "weather": [
                    {
                        "id": 802,
                        "main": "Clouds",
                        "description": "scattered clouds",
                        "icon": "03d"
                    }
                ],
                "pop": 0
            },
            {
                "dt": 1730142000,
                "temp": 56.97,
                "feels_like": 54.01,
                "pressure": 1031,
                "humidity": 35,
                "dew_point": 29.48,
                "uvi": 1.69,
                "clouds": 68,
                "visibility": 10000,
                "wind_speed": 6.33,
                "wind_deg": 152,
                "wind_gust": 5.37,
                "weather": [
                    {
                        "id": 803,
                        "main": "Clouds",
                        "description": "broken clouds",
                        "icon": "04d"
                    }
                ],
                "pop": 0
            },
            {
                "dt": 1730145600,
                "temp": 56.79,
                "feels_like": 53.94,
                "pressure": 1031,
                "humidity": 38,
                "dew_point": 30.97,
                "uvi": 0.88,
                "clouds": 59,
                "visibility": 10000,
                "wind_speed": 7.58,
                "wind_deg": 158,
                "wind_gust": 6.06,
                "weather": [
                    {
                        "id": 803,
                        "main": "Clouds",
                        "description": "broken clouds",
                        "icon": "04d"
                    }
                ],
                "pop": 0
            },
            {
                "dt": 1730149200,
                "temp": 56.17,
                "feels_like": 53.42,
                "pressure": 1031,
                "humidity": 41,
                "dew_point": 32.61,
                "uvi": 0.28,
                "clouds": 54,
                "visibility": 10000,
                "wind_speed": 8.46,
                "wind_deg": 154,
                "wind_gust": 7.49,
                "weather": [
                    {
                        "id": 803,
                        "main": "Clouds",
                        "description": "broken clouds",
                        "icon": "04d"
                    }
                ],
                "pop": 0
            },
            {
                "dt": 1730152800,
                "temp": 55.33,
                "feels_like": 52.68,
                "pressure": 1031,
                "humidity": 45,
                "dew_point": 34.36,
                "uvi": 0,
                "clouds": 44,
                "visibility": 10000,
                "wind_speed": 8.88,
                "wind_deg": 145,
                "wind_gust": 8.59,
                "weather": [
                    {
                        "id": 802,
                        "main": "Clouds",
                        "description": "scattered clouds",
                        "icon": "03n"
                    }
                ],
                "pop": 0
            },
            {
                "dt": 1730156400,
                "temp": 55.18,
                "feels_like": 52.66,
                "pressure": 1031,
                "humidity": 48,
                "dew_point": 36.03,
                "uvi": 0,
                "clouds": 54,
                "visibility": 10000,
                "wind_speed": 9.48,
                "wind_deg": 135,
                "wind_gust": 9.37,
                "weather": [
                    {
                        "id": 803,
                        "main": "Clouds",
                        "description": "broken clouds",
                        "icon": "04n"
                    }
                ],
                "pop": 0
            },
            {
                "dt": 1730160000,
                "temp": 55.27,
                "feels_like": 52.95,
                "pressure": 1032,
                "humidity": 52,
                "dew_point": 37.81,
                "uvi": 0,
                "clouds": 57,
                "visibility": 10000,
                "wind_speed": 10.04,
                "wind_deg": 134,
                "wind_gust": 10.67,
                "weather": [
                    {
                        "id": 803,
                        "main": "Clouds",
                        "description": "broken clouds",
                        "icon": "04n"
                    }
                ],
                "pop": 0
            },
            {
                "dt": 1730163600,
                "temp": 55.24,
                "feels_like": 53.01,
                "pressure": 1032,
                "humidity": 54,
                "dew_point": 39.13,
                "uvi": 0,
                "clouds": 10,
                "visibility": 10000,
                "wind_speed": 9.86,
                "wind_deg": 133,
                "wind_gust": 11.25,
                "weather": [
                    {
                        "id": 800,
                        "main": "Clear",
                        "description": "clear sky",
                        "icon": "01n"
                    }
                ],
                "pop": 0
            },
            {
                "dt": 1730167200,
                "temp": 55.35,
                "feels_like": 53.17,
                "pressure": 1032,
                "humidity": 55,
                "dew_point": 39.69,
                "uvi": 0,
                "clouds": 13,
                "visibility": 10000,
                "wind_speed": 9.78,
                "wind_deg": 138,
                "wind_gust": 12.21,
                "weather": [
                    {
                        "id": 801,
                        "main": "Clouds",
                        "description": "few clouds",
                        "icon": "02n"
                    }
                ],
                "pop": 0
            },
            {
                "dt": 1730170800,
                "temp": 55.54,
                "feels_like": 53.38,
                "pressure": 1032,
                "humidity": 55,
                "dew_point": 39.94,
                "uvi": 0,
                "clouds": 11,
                "visibility": 10000,
                "wind_speed": 9.24,
                "wind_deg": 143,
                "wind_gust": 12.44,
                "weather": [
                    {
                        "id": 801,
                        "main": "Clouds",
                        "description": "few clouds",
                        "icon": "02n"
                    }
                ],
                "pop": 0
            },
            {
                "dt": 1730174400,
                "temp": 55.62,
                "feels_like": 53.46,
                "pressure": 1032,
                "humidity": 55,
                "dew_point": 39.94,
                "uvi": 0,
                "clouds": 10,
                "visibility": 10000,
                "wind_speed": 8.93,
                "wind_deg": 146,
                "wind_gust": 12.95,
                "weather": [
                    {
                        "id": 800,
                        "main": "Clear",
                        "description": "clear sky",
                        "icon": "01n"
                    }
                ],
                "pop": 0
            },
            {
                "dt": 1730178000,
                "temp": 55.69,
                "feels_like": 53.55,
                "pressure": 1032,
                "humidity": 55,
                "dew_point": 39.69,
                "uvi": 0,
                "clouds": 9,
                "visibility": 10000,
                "wind_speed": 8.41,
                "wind_deg": 150,
                "wind_gust": 13.09,
                "weather": [
                    {
                        "id": 800,
                        "main": "Clear",
                        "description": "clear sky",
                        "icon": "01n"
                    }
                ],
                "pop": 0
            },
            {
                "dt": 1730181600,
                "temp": 55.78,
                "feels_like": 53.6,
                "pressure": 1032,
                "humidity": 54,
                "dew_point": 39.49,
                "uvi": 0,
                "clouds": 9,
                "visibility": 10000,
                "wind_speed": 8.46,
                "wind_deg": 159,
                "wind_gust": 13.78,
                "weather": [
                    {
                        "id": 800,
                        "main": "Clear",
                        "description": "clear sky",
                        "icon": "01n"
                    }
                ],
                "pop": 0
            },
            {
                "dt": 1730185200,
                "temp": 55.65,
                "feels_like": 53.46,
                "pressure": 1033,
                "humidity": 54,
                "dew_point": 39.15,
                "uvi": 0,
                "clouds": 11,
                "visibility": 10000,
                "wind_speed": 7.67,
                "wind_deg": 178,
                "wind_gust": 11.65,
                "weather": [
                    {
                        "id": 801,
                        "main": "Clouds",
                        "description": "few clouds",
                        "icon": "02n"
                    }
                ],
                "pop": 0
            },
            {
                "dt": 1730188800,
                "temp": 55.27,
                "feels_like": 52.99,
                "pressure": 1032,
                "humidity": 53,
                "dew_point": 38.61,
                "uvi": 0,
                "clouds": 10,
                "visibility": 10000,
                "wind_speed": 6.44,
                "wind_deg": 190,
                "wind_gust": 8.88,
                "weather": [
                    {
                        "id": 800,
                        "main": "Clear",
                        "description": "clear sky",
                        "icon": "01n"
                    }
                ],
                "pop": 0
            },
            {
                "dt": 1730192400,
                "temp": 54.84,
                "feels_like": 52.52,
                "pressure": 1032,
                "humidity": 53,
                "dew_point": 38.07,
                "uvi": 0,
                "clouds": 13,
                "visibility": 10000,
                "wind_speed": 5.97,
                "wind_deg": 204,
                "wind_gust": 7.78,
                "weather": [
                    {
                        "id": 801,
                        "main": "Clouds",
                        "description": "few clouds",
                        "icon": "02n"
                    }
                ],
                "pop": 0
            },
            {
                "dt": 1730196000,
                "temp": 54.59,
                "feels_like": 52.29,
                "pressure": 1032,
                "humidity": 54,
                "dew_point": 38.21,
                "uvi": 0,
                "clouds": 14,
                "visibility": 10000,
                "wind_speed": 5.84,
                "wind_deg": 204,
                "wind_gust": 7.72,
                "weather": [
                    {
                        "id": 801,
                        "main": "Clouds",
                        "description": "few clouds",
                        "icon": "02n"
                    }
                ],
                "pop": 0
            },
            {
                "dt": 1730199600,
                "temp": 54.48,
                "feels_like": 52.27,
                "pressure": 1033,
                "humidity": 56,
                "dew_point": 39.06,
                "uvi": 0,
                "clouds": 27,
                "visibility": 10000,
                "wind_speed": 5.32,
                "wind_deg": 203,
                "wind_gust": 7.29,
                "weather": [
                    {
                        "id": 802,
                        "main": "Clouds",
                        "description": "scattered clouds",
                        "icon": "03n"
                    }
                ],
                "pop": 0
            },
            {
                "dt": 1730203200,
                "temp": 54.66,
                "feels_like": 52.56,
                "pressure": 1033,
                "humidity": 58,
                "dew_point": 40.06,
                "uvi": 0,
                "clouds": 24,
                "visibility": 10000,
                "wind_speed": 4.61,
                "wind_deg": 206,
                "wind_gust": 6.42,
                "weather": [
                    {
                        "id": 801,
                        "main": "Clouds",
                        "description": "few clouds",
                        "icon": "02d"
                    }
                ],
                "pop": 0
            },
            {
                "dt": 1730206800,
                "temp": 55.78,
                "feels_like": 53.78,
                "pressure": 1034,
                "humidity": 58,
                "dew_point": 41.36,
                "uvi": 0.37,
                "clouds": 8,
                "visibility": 10000,
                "wind_speed": 4.88,
                "wind_deg": 202,
                "wind_gust": 9.46,
                "weather": [
                    {
                        "id": 800,
                        "main": "Clear",
                        "description": "clear sky",
                        "icon": "01d"
                    }
                ],
                "pop": 0
            },
            {
                "dt": 1730210400,
                "temp": 57.49,
                "feels_like": 55.67,
                "pressure": 1034,
                "humidity": 58,
                "dew_point": 43.09,
                "uvi": 0.98,
                "clouds": 14,
                "visibility": 10000,
                "wind_speed": 5.79,
                "wind_deg": 203,
                "wind_gust": 11.81,
                "weather": [
                    {
                        "id": 801,
                        "main": "Clouds",
                        "description": "few clouds",
                        "icon": "02d"
                    }
                ],
                "pop": 0
            },
            {
                "dt": 1730214000,
                "temp": 59.29,
                "feels_like": 57.69,
                "pressure": 1034,
                "humidity": 59,
                "dew_point": 44.96,
                "uvi": 1.79,
                "clouds": 20,
                "visibility": 10000,
                "wind_speed": 8.03,
                "wind_deg": 184,
                "wind_gust": 13.15,
                "weather": [
                    {
                        "id": 801,
                        "main": "Clouds",
                        "description": "few clouds",
                        "icon": "02d"
                    }
                ],
                "pop": 0
            },
            {
                "dt": 1730217600,
                "temp": 60.53,
                "feels_like": 59.11,
                "pressure": 1033,
                "humidity": 60,
                "dew_point": 46.67,
                "uvi": 2.41,
                "clouds": 34,
                "visibility": 10000,
                "wind_speed": 10.67,
                "wind_deg": 169,
                "wind_gust": 14.52,
                "weather": [
                    {
                        "id": 802,
                        "main": "Clouds",
                        "description": "scattered clouds",
                        "icon": "03d"
                    }
                ],
                "pop": 0
            },
            {
                "dt": 1730221200,
                "temp": 61.27,
                "feels_like": 60.01,
                "pressure": 1032,
                "humidity": 62,
                "dew_point": 47.89,
                "uvi": 2.38,
                "clouds": 42,
                "visibility": 10000,
                "wind_speed": 13.04,
                "wind_deg": 160,
                "wind_gust": 15.84,
                "weather": [
                    {
                        "id": 802,
                        "main": "Clouds",
                        "description": "scattered clouds",
                        "icon": "03d"
                    }
                ],
                "pop": 0
            },
            {
                "dt": 1730224800,
                "temp": 61.54,
                "feels_like": 60.35,
                "pressure": 1032,
                "humidity": 63,
                "dew_point": 48.94,
                "uvi": 2.36,
                "clouds": 48,
                "visibility": 10000,
                "wind_speed": 15.32,
                "wind_deg": 155,
                "wind_gust": 17.56,
                "weather": [
                    {
                        "id": 802,
                        "main": "Clouds",
                        "description": "scattered clouds",
                        "icon": "03d"
                    }
                ],
                "pop": 0
            },
            {
                "dt": 1730228400,
                "temp": 61.48,
                "feels_like": 60.39,
                "pressure": 1031,
                "humidity": 65,
                "dew_point": 49.6,
                "uvi": 1.31,
                "clouds": 96,
                "visibility": 10000,
                "wind_speed": 16.4,
                "wind_deg": 157,
                "wind_gust": 19.22,
                "weather": [
                    {
                        "id": 804,
                        "main": "Clouds",
                        "description": "overcast clouds",
                        "icon": "04d"
                    }
                ],
                "pop": 0
            },
            {
                "dt": 1730232000,
                "temp": 61.66,
                "feels_like": 60.64,
                "pressure": 1031,
                "humidity": 66,
                "dew_point": 50.2,
                "uvi": 0.62,
                "clouds": 85,
                "visibility": 10000,
                "wind_speed": 16.75,
                "wind_deg": 158,
                "wind_gust": 20.87,
                "weather": [
                    {
                        "id": 804,
                        "main": "Clouds",
                        "description": "overcast clouds",
                        "icon": "04d"
                    }
                ],
                "pop": 0
            },
            {
                "dt": 1730235600,
                "temp": 61.47,
                "feels_like": 60.55,
                "pressure": 1031,
                "humidity": 69,
                "dew_point": 51.31,
                "uvi": 0.12,
                "clouds": 76,
                "visibility": 10000,
                "wind_speed": 16.78,
                "wind_deg": 160,
                "wind_gust": 22.59,
                "weather": [
                    {
                        "id": 803,
                        "main": "Clouds",
                        "description": "broken clouds",
                        "icon": "04d"
                    }
                ],
                "pop": 0
            },
            {
                "dt": 1730239200,
                "temp": 61.14,
                "feels_like": 60.39,
                "pressure": 1030,
                "humidity": 73,
                "dew_point": 52.47,
                "uvi": 0,
                "clouds": 79,
                "visibility": 10000,
                "wind_speed": 16.93,
                "wind_deg": 161,
                "wind_gust": 24.52,
                "weather": [
                    {
                        "id": 803,
                        "main": "Clouds",
                        "description": "broken clouds",
                        "icon": "04n"
                    }
                ],
                "pop": 0
            },
            {
                "dt": 1730242800,
                "temp": 61.12,
                "feels_like": 60.46,
                "pressure": 1031,
                "humidity": 75,
                "dew_point": 53.38,
                "uvi": 0,
                "clouds": 79,
                "visibility": 10000,
                "wind_speed": 15.82,
                "wind_deg": 167,
                "wind_gust": 24.34,
                "weather": [
                    {
                        "id": 803,
                        "main": "Clouds",
                        "description": "broken clouds",
                        "icon": "04n"
                    }
                ],
                "pop": 0
            },
            {
                "dt": 1730246400,
                "temp": 61.39,
                "feels_like": 60.85,
                "pressure": 1031,
                "humidity": 77,
                "dew_point": 54.28,
                "uvi": 0,
                "clouds": 83,
                "visibility": 10000,
                "wind_speed": 14.61,
                "wind_deg": 174,
                "wind_gust": 23.31,
                "weather": [
                    {
                        "id": 803,
                        "main": "Clouds",
                        "description": "broken clouds",
                        "icon": "04n"
                    }
                ],
                "pop": 0
            }
        ],
        "daily": [
            {
                "dt": 1730044800,
                "sunrise": 1730028039,
                "sunset": 1730066302,
                "moonrise": 1730010780,
                "moonset": 1730059260,
                "moon_phase": 0.85,
                "summary": "Expect a day of partly cloudy with clear spells",
                "temp": {
                    "day": 51.35,
                    "min": 46.81,
                    "max": 55.83,
                    "night": 52.02,
                    "eve": 53.89,
                    "morn": 47.71
                },
                "feels_like": {
                    "day": 47.59,
                    "night": 49.17,
                    "eve": 50.81,
                    "morn": 42.4
                },
                "pressure": 1030,
                "humidity": 30,
                "dew_point": 20.35,
                "wind_speed": 14.52,
                "wind_deg": 322,
                "wind_gust": 21.25,
                "weather": [
                    {
                        "id": 802,
                        "main": "Clouds",
                        "description": "scattered clouds",
                        "icon": "03d"
                    }
                ],
                "clouds": 43,
                "pop": 0,
                "uvi": 2.83
            },
            {
                "dt": 1730131200,
                "sunrise": 1730114508,
                "sunset": 1730152625,
                "moonrise": 1730100840,
                "moonset": 1730146800,
                "moon_phase": 0.88,
                "summary": "Expect a day of partly cloudy with clear spells",
                "temp": {
                    "day": 55.18,
                    "min": 50.45,
                    "max": 56.97,
                    "night": 55.54,
                    "eve": 55.33,
                    "morn": 50.76
                },
                "feels_like": {
                    "day": 51.91,
                    "night": 53.38,
                    "eve": 52.68,
                    "morn": 47.23
                },
                "pressure": 1032,
                "humidity": 32,
                "dew_point": 25.68,
                "wind_speed": 10.04,
                "wind_deg": 134,
                "wind_gust": 12.44,
                "weather": [
                    {
                        "id": 802,
                        "main": "Clouds",
                        "description": "scattered clouds",
                        "icon": "03d"
                    }
                ],
                "clouds": 41,
                "pop": 0,
                "uvi": 2.79
            },
            {
                "dt": 1730217600,
                "sunrise": 1730200978,
                "sunset": 1730238948,
                "moonrise": 1730190780,
                "moonset": 1730234280,
                "moon_phase": 0.91,
                "summary": "Expect a day of partly cloudy with clear spells",
                "temp": {
                    "day": 60.53,
                    "min": 54.48,
                    "max": 61.66,
                    "night": 60.98,
                    "eve": 61.14,
                    "morn": 54.59
                },
                "feels_like": {
                    "day": 59.11,
                    "night": 60.53,
                    "eve": 60.39,
                    "morn": 52.29
                },
                "pressure": 1033,
                "humidity": 60,
                "dew_point": 46.67,
                "wind_speed": 16.93,
                "wind_deg": 161,
                "wind_gust": 24.52,
                "weather": [
                    {
                        "id": 802,
                        "main": "Clouds",
                        "description": "scattered clouds",
                        "icon": "03d"
                    }
                ],
                "clouds": 34,
                "pop": 0,
                "uvi": 2.41
            },
            {
                "dt": 1730304000,
                "sunrise": 1730287448,
                "sunset": 1730325273,
                "moonrise": 1730280780,
                "moonset": 1730321820,
                "moon_phase": 0.94,
                "summary": "There will be partly cloudy today",
                "temp": {
                    "day": 65.07,
                    "min": 57.97,
                    "max": 70.65,
                    "night": 64.35,
                    "eve": 68.85,
                    "morn": 58.3
                },
                "feels_like": {
                    "day": 64.51,
                    "night": 63.86,
                    "eve": 68.2,
                    "morn": 57.83
                },
                "pressure": 1028,
                "humidity": 69,
                "dew_point": 54.77,
                "wind_speed": 10.78,
                "wind_deg": 202,
                "wind_gust": 22.88,
                "weather": [
                    {
                        "id": 801,
                        "main": "Clouds",
                        "description": "few clouds",
                        "icon": "02d"
                    }
                ],
                "clouds": 20,
                "pop": 0,
                "uvi": 2.92
            },
            {
                "dt": 1730390400,
                "sunrise": 1730373919,
                "sunset": 1730411600,
                "moonrise": 1730370780,
                "moonset": 1730409480,
                "moon_phase": 0.97,
                "summary": "Expect a day of partly cloudy with clear spells",
                "temp": {
                    "day": 65.16,
                    "min": 60.49,
                    "max": 70.93,
                    "night": 67.57,
                    "eve": 70.93,
                    "morn": 61
                },
                "feels_like": {
                    "day": 64.8,
                    "night": 66.99,
                    "eve": 70.45,
                    "morn": 60.75
                },
                "pressure": 1022,
                "humidity": 73,
                "dew_point": 56.37,
                "wind_speed": 12.53,
                "wind_deg": 230,
                "wind_gust": 25.19,
                "weather": [
                    {
                        "id": 803,
                        "main": "Clouds",
                        "description": "broken clouds",
                        "icon": "04d"
                    }
                ],
                "clouds": 66,
                "pop": 0,
                "uvi": 3.15
            },
            {
                "dt": 1730476800,
                "sunrise": 1730460389,
                "sunset": 1730497928,
                "moonrise": 1730460960,
                "moonset": 1730497320,
                "moon_phase": 0,
                "summary": "Expect a day of partly cloudy with rain",
                "temp": {
                    "day": 60.22,
                    "min": 53.15,
                    "max": 66.27,
                    "night": 53.15,
                    "eve": 58.62,
                    "morn": 64.76
                },
                "feels_like": {
                    "day": 59.79,
                    "night": 50.85,
                    "eve": 56.82,
                    "morn": 64.33
                },
                "pressure": 1018,
                "humidity": 82,
                "dew_point": 54.86,
                "wind_speed": 18.1,
                "wind_deg": 329,
                "wind_gust": 26.44,
                "weather": [
                    {
                        "id": 500,
                        "main": "Rain",
                        "description": "light rain",
                        "icon": "10d"
                    }
                ],
                "clouds": 100,
                "pop": 1,
                "rain": 3.52,
                "uvi": 4
            },
            {
                "dt": 1730563200,
                "sunrise": 1730546860,
                "sunset": 1730584257,
                "moonrise": 1730551200,
                "moonset": 1730585400,
                "moon_phase": 0.04,
                "summary": "Expect a day of partly cloudy with clear spells",
                "temp": {
                    "day": 48.09,
                    "min": 45.01,
                    "max": 53.62,
                    "night": 51.89,
                    "eve": 53.62,
                    "morn": 47.53
                },
                "feels_like": {
                    "day": 43.75,
                    "night": 49.46,
                    "eve": 50.5,
                    "morn": 41.04
                },
                "pressure": 1031,
                "humidity": 41,
                "dew_point": 25.48,
                "wind_speed": 16.87,
                "wind_deg": 8,
                "wind_gust": 23.67,
                "weather": [
                    {
                        "id": 800,
                        "main": "Clear",
                        "description": "clear sky",
                        "icon": "01d"
                    }
                ],
                "clouds": 2,
                "pop": 0,
                "uvi": 4
            },
            {
                "dt": 1730649600,
                "sunrise": 1730633331,
                "sunset": 1730670588,
                "moonrise": 1730641500,
                "moonset": 1730673900,
                "moon_phase": 0.07,
                "summary": "There will be clear sky until morning, then partly cloudy",
                "temp": {
                    "day": 51.98,
                    "min": 49.19,
                    "max": 55.74,
                    "night": 53.47,
                    "eve": 55.74,
                    "morn": 49.6
                },
                "feels_like": {
                    "day": 49.32,
                    "night": 51.76,
                    "eve": 53.83,
                    "morn": 48.22
                },
                "pressure": 1030,
                "humidity": 52,
                "dew_point": 35.06,
                "wind_speed": 11.56,
                "wind_deg": 187,
                "wind_gust": 15.03,
                "weather": [
                    {
                        "id": 803,
                        "main": "Clouds",
                        "description": "broken clouds",
                        "icon": "04d"
                    }
                ],
                "clouds": 71,
                "pop": 0,
                "uvi": 4
            }
        ]
    }
}